{
  "//": "This file was generated by the `vercel build` command. It is not part of the Build Output API.",
  "target": "preview",
  "argv": [
    "/Users/tomallenpierce/.nvm/versions/node/v20.19.0/bin/node",
    "/Users/tomallenpierce/.npm/_npx/67eb4586ca667318/node_modules/.bin/vc",
    "build"
  ],
  "builds": [
    {
      "require": "@vercel/next",
      "requirePath": "/Users/tomallenpierce/.npm/_npx/67eb4586ca667318/node_modules/@vercel/next/dist/index",
      "apiVersion": 2,
      "src": "package.json",
      "use": "@vercel/next",
      "config": {
        "zeroConfig": true,
        "framework": "nextjs",
        "devCommand": "npm run dev",
        "installCommand": "npm install",
        "buildCommand": "npm run build:vercel",
        "outputDirectory": ".next",
        "functions": {
          "app/api/knowledge/upload/route.ts": {
            "memory": 1024,
            "maxDuration": 60
          },
          "app/api/assistants/openai/route.ts": {
            "memory": 1024,
            "maxDuration": 60
          }
        }
      }
    }
  ],
  "features": {
    "webAnalyticsVersion": "1.5.0"
  }
}
