{
  "type": "Prerender",
  "expiration": false,
  "group": 1,
  "bypassToken": "6859ee70c9d2e667a0d3ad1d8c9aeefe",
  "experimentalBypassFor": [
    {
      "type": "header",
      "key": "Next-Action"
    },
    {
      "type": "header",
      "key": "content-type",
      "value": "multipart/form-data;.*"
    }
  ],
  "fallback": {
    "type": "FileFsRef",
    "mode": 33188,
    "contentType": "application/json",
    "fsPath": "keys.prerender-fallback.body"
  },
  "initialHeaders": {
    "content-type": "application/json",
    "x-next-cache-tags": "_N_T_/layout,_N_T_/api/layout,_N_T_/api/keys/layout,_N_T_/api/keys/route,_N_T_/api/keys"
  },
  "allowQuery": []
}
