{
  "operationType": "Page",
  "handler": "___next_launcher.cjs",
  "runtime": "nodejs22.x",
  "environment": {},
  "supportsMultiPayloads": true,
  "supportsResponseStreaming": true,
  "framework": {
    "slug": "nextjs",
    "version": "14.2.28"
  },
  "experimentalAllowBundling": false,
  "launcherType": "Nodejs",
  "shouldAddHelpers": false,
  "shouldAddSourcemapSupport": false,
  "filePathMap": {
    "node_modules/styled-jsx/package.json": "node_modules/styled-jsx/package.json",
    "node_modules/styled-jsx/dist/index/index.js": "node_modules/styled-jsx/dist/index/index.js",
    "node_modules/react/package.json": "node_modules/react/package.json",
    "node_modules/react/index.js": "node_modules/react/index.js",
    "node_modules/client-only/package.json": "node_modules/client-only/package.json",
    "node_modules/react/cjs/react.production.min.js": "node_modules/react/cjs/react.production.min.js",
    "node_modules/client-only/index.js": "node_modules/client-only/index.js",
    "node_modules/styled-jsx/style.js": "node_modules/styled-jsx/style.js",
    "node_modules/next/dist/server/next-server.js": "node_modules/next/dist/server/next-server.js",
    "node_modules/next/package.json": "node_modules/next/package.json",
    "node_modules/next/dist/server/require-hook.js": "node_modules/next/dist/server/require-hook.js",
    "node_modules/next/dist/server/node-environment.js": "node_modules/next/dist/server/node-environment.js",
    "node_modules/next/dist/server/node-polyfill-crypto.js": "node_modules/next/dist/server/node-polyfill-crypto.js",
    "node_modules/next/dist/server/request-meta.js": "node_modules/next/dist/server/request-meta.js",
    "node_modules/next/dist/lib/find-pages-dir.js": "node_modules/next/dist/lib/find-pages-dir.js",
    "node_modules/next/dist/server/require.js": "node_modules/next/dist/server/require.js",
    "node_modules/next/dist/server/load-components.js": "node_modules/next/dist/server/load-components.js",
    "node_modules/next/dist/lib/is-error.js": "node_modules/next/dist/lib/is-error.js",
    "node_modules/next/dist/server/send-payload.js": "node_modules/next/dist/server/send-payload.js",
    "node_modules/next/dist/server/base-server.js": "node_modules/next/dist/server/base-server.js",
    "node_modules/next/dist/server/body-streams.js": "node_modules/next/dist/server/body-streams.js",
    "node_modules/next/dist/server/setup-http-agent-env.js": "node_modules/next/dist/server/setup-http-agent-env.js",
    "node_modules/next/dist/lib/constants.js": "node_modules/next/dist/lib/constants.js",
    "node_modules/next/dist/server/pipe-readable.js": "node_modules/next/dist/server/pipe-readable.js",
    "node_modules/styled-jsx/index.js": "node_modules/styled-jsx/index.js",
    "node_modules/next/dist/server/load-manifest.js": "node_modules/next/dist/server/load-manifest.js",
    "node_modules/next/dist/lib/format-dynamic-import-path.js": "node_modules/next/dist/lib/format-dynamic-import-path.js",
    "node_modules/next/dist/lib/interop-default.js": "node_modules/next/dist/lib/interop-default.js",
    "node_modules/next/dist/lib/generate-interception-routes-rewrites.js": "node_modules/next/dist/lib/generate-interception-routes-rewrites.js",
    "node_modules/next/dist/server/serve-static.js": "node_modules/next/dist/server/serve-static.js",
    "node_modules/next/dist/lib/picocolors.js": "node_modules/next/dist/lib/picocolors.js",
    "node_modules/next/dist/lib/format-server-error.js": "node_modules/next/dist/lib/format-server-error.js",
    "node_modules/next/dist/shared/lib/utils.js": "node_modules/next/dist/shared/lib/utils.js",
    "node_modules/next/dist/shared/lib/constants.js": "node_modules/next/dist/shared/lib/constants.js",
    "node_modules/next/dist/server/base-http/node.js": "node_modules/next/dist/server/base-http/node.js",
    "node_modules/next/dist/build/output/log.js": "node_modules/next/dist/build/output/log.js",
    "node_modules/next/dist/server/web/utils.js": "node_modules/next/dist/server/web/utils.js",
    "node_modules/next/dist/server/lib/node-fs-methods.js": "node_modules/next/dist/server/lib/node-fs-methods.js",
    "node_modules/next/dist/server/lib/mock-request.js": "node_modules/next/dist/server/lib/mock-request.js",
    "node_modules/next/dist/client/components/app-router-headers.js": "node_modules/next/dist/client/components/app-router-headers.js",
    "node_modules/next/dist/shared/lib/page-path/denormalize-page-path.js": "node_modules/next/dist/shared/lib/page-path/denormalize-page-path.js",
    "node_modules/next/dist/shared/lib/page-path/normalize-page-path.js": "node_modules/next/dist/shared/lib/page-path/normalize-page-path.js",
    "node_modules/next/dist/server/lib/trace/tracer.js": "node_modules/next/dist/server/lib/trace/tracer.js",
    "node_modules/next/dist/server/lib/trace/constants.js": "node_modules/next/dist/server/lib/trace/constants.js",
    "node_modules/next/dist/server/future/route-matches/pages-api-route-match.js": "node_modules/next/dist/server/future/route-matches/pages-api-route-match.js",
    "node_modules/next/dist/shared/lib/router/utils/route-matcher.js": "node_modules/next/dist/shared/lib/router/utils/route-matcher.js",
    "node_modules/next/dist/shared/lib/router/utils/parse-url.js": "node_modules/next/dist/shared/lib/router/utils/parse-url.js",
    "node_modules/next/dist/shared/lib/router/utils/middleware-route-matcher.js": "node_modules/next/dist/shared/lib/router/utils/middleware-route-matcher.js",
    "node_modules/next/dist/shared/lib/router/utils/querystring.js": "node_modules/next/dist/shared/lib/router/utils/querystring.js",
    "node_modules/next/dist/shared/lib/router/utils/remove-trailing-slash.js": "node_modules/next/dist/shared/lib/router/utils/remove-trailing-slash.js",
    "node_modules/next/dist/shared/lib/router/utils/get-next-pathname-info.js": "node_modules/next/dist/shared/lib/router/utils/get-next-pathname-info.js",
    "node_modules/next/dist/shared/lib/router/utils/app-paths.js": "node_modules/next/dist/shared/lib/router/utils/app-paths.js",
    "node_modules/next/dist/shared/lib/router/utils/route-regex.js": "node_modules/next/dist/shared/lib/router/utils/route-regex.js",
    "node_modules/next/dist/server/web/spec-extension/adapters/next-request.js": "node_modules/next/dist/server/web/spec-extension/adapters/next-request.js",
    "node_modules/next/dist/server/future/helpers/module-loader/route-module-loader.js": "node_modules/next/dist/server/future/helpers/module-loader/route-module-loader.js",
    "node_modules/next/dist/server/future/route-modules/app-page/module.render.js": "node_modules/next/dist/server/future/route-modules/app-page/module.render.js",
    "node_modules/next/dist/server/future/route-modules/pages/module.render.js": "node_modules/next/dist/server/future/route-modules/pages/module.render.js",
    "node_modules/next/dist/compiled/next-server/pages.runtime.prod.js": "node_modules/next/dist/compiled/next-server/pages.runtime.prod.js",
    "node_modules/next/dist/client/components/request-async-storage.external.js": "node_modules/next/dist/client/components/request-async-storage.external.js",
    "node_modules/next/dist/compiled/next-server/app-page.runtime.prod.js": "node_modules/next/dist/compiled/next-server/app-page.runtime.prod.js",
    "node_modules/next/dist/client/components/static-generation-async-storage.external.js": "node_modules/next/dist/client/components/static-generation-async-storage.external.js",
    "node_modules/next/dist/client/components/action-async-storage.external.js": "node_modules/next/dist/client/components/action-async-storage.external.js",
    "node_modules/react/jsx-runtime.js": "node_modules/react/jsx-runtime.js",
    "node_modules/next/dist/server/api-utils/index.js": "node_modules/next/dist/server/api-utils/index.js",
    "node_modules/next/dist/server/response-cache/index.js": "node_modules/next/dist/server/response-cache/index.js",
    "node_modules/next/dist/server/lib/incremental-cache/index.js": "node_modules/next/dist/server/lib/incremental-cache/index.js",
    "node_modules/next/dist/server/web/sandbox/index.js": "node_modules/next/dist/server/web/sandbox/index.js",
    "node_modules/next/dist/lib/wait.js": "node_modules/next/dist/lib/wait.js",
    "node_modules/next/dist/lib/detached-promise.js": "node_modules/next/dist/lib/detached-promise.js",
    "node_modules/next/dist/server/client-component-renderer-logger.js": "node_modules/next/dist/server/client-component-renderer-logger.js",
    "node_modules/@next/env/package.json": "node_modules/@next/env/package.json",
    "node_modules/next/dist/server/app-render/encryption-utils.js": "node_modules/next/dist/server/app-render/encryption-utils.js",
    "node_modules/next/dist/server/app-render/action-utils.js": "node_modules/next/dist/server/app-render/action-utils.js",
    "node_modules/next/dist/shared/lib/is-plain-object.js": "node_modules/next/dist/shared/lib/is-plain-object.js",
    "node_modules/next/dist/server/lib/revalidate.js": "node_modules/next/dist/server/lib/revalidate.js",
    "node_modules/next/dist/server/lib/etag.js": "node_modules/next/dist/server/lib/etag.js",
    "node_modules/next/dist/shared/lib/deep-freeze.js": "node_modules/next/dist/shared/lib/deep-freeze.js",
    "node_modules/next/dist/experimental/testmode/server.js": "node_modules/next/dist/experimental/testmode/server.js",
    "node_modules/next/dist/shared/lib/i18n/normalize-locale-path.js": "node_modules/next/dist/shared/lib/i18n/normalize-locale-path.js",
    "node_modules/next/dist/server/future/helpers/interception-routes.js": "node_modules/next/dist/server/future/helpers/interception-routes.js",
    "node_modules/next/dist/server/base-http/index.js": "node_modules/next/dist/server/base-http/index.js",
    "node_modules/react/cjs/react-jsx-runtime.production.min.js": "node_modules/react/cjs/react-jsx-runtime.production.min.js",
    "node_modules/next/dist/shared/lib/modern-browserslist-target.js": "node_modules/next/dist/shared/lib/modern-browserslist-target.js",
    "node_modules/next/dist/server/future/route-kind.js": "node_modules/next/dist/server/future/route-kind.js",
    "node_modules/next/dist/shared/lib/page-path/normalize-path-sep.js": "node_modules/next/dist/shared/lib/page-path/normalize-path-sep.js",
    "node_modules/next/dist/shared/lib/page-path/ensure-leading-slash.js": "node_modules/next/dist/shared/lib/page-path/ensure-leading-slash.js",
    "node_modules/@next/env/dist/index.js": "node_modules/@next/env/dist/index.js",
    "node_modules/next/dist/shared/lib/segment.js": "node_modules/next/dist/shared/lib/segment.js",
    "node_modules/next/dist/shared/lib/escape-regexp.js": "node_modules/next/dist/shared/lib/escape-regexp.js",
    "node_modules/next/dist/lib/batcher.js": "node_modules/next/dist/lib/batcher.js",
    "node_modules/next/dist/lib/scheduler.js": "node_modules/next/dist/lib/scheduler.js",
    "node_modules/next/dist/client/components/request-async-storage-instance.js": "node_modules/next/dist/client/components/request-async-storage-instance.js",
    "node_modules/next/dist/client/components/static-generation-async-storage-instance.js": "node_modules/next/dist/client/components/static-generation-async-storage-instance.js",
    "node_modules/next/dist/client/components/action-async-storage-instance.js": "node_modules/next/dist/client/components/action-async-storage-instance.js",
    "node_modules/next/dist/server/web/spec-extension/request.js": "node_modules/next/dist/server/web/spec-extension/request.js",
    "node_modules/next/dist/server/response-cache/utils.js": "node_modules/next/dist/server/response-cache/utils.js",
    "node_modules/next/dist/server/response-cache/types.js": "node_modules/next/dist/server/response-cache/types.js",
    "node_modules/next/dist/shared/lib/router/utils/prepare-destination.js": "node_modules/next/dist/shared/lib/router/utils/prepare-destination.js",
    "node_modules/next/dist/shared/lib/router/utils/parse-relative-url.js": "node_modules/next/dist/shared/lib/router/utils/parse-relative-url.js",
    "node_modules/next/dist/shared/lib/router/utils/path-has-prefix.js": "node_modules/next/dist/shared/lib/router/utils/path-has-prefix.js",
    "node_modules/next/dist/shared/lib/router/utils/remove-path-prefix.js": "node_modules/next/dist/shared/lib/router/utils/remove-path-prefix.js",
    "node_modules/next/dist/server/future/helpers/module-loader/node-module-loader.js": "node_modules/next/dist/server/future/helpers/module-loader/node-module-loader.js",
    "node_modules/next/dist/server/future/route-modules/app-page/module.compiled.js": "node_modules/next/dist/server/future/route-modules/app-page/module.compiled.js",
    "node_modules/next/dist/server/future/route-modules/pages/module.compiled.js": "node_modules/next/dist/server/future/route-modules/pages/module.compiled.js",
    "node_modules/next/dist/lib/redirect-status.js": "node_modules/next/dist/lib/redirect-status.js",
    "node_modules/next/dist/lib/is-edge-runtime.js": "node_modules/next/dist/lib/is-edge-runtime.js",
    "node_modules/next/dist/server/utils.js": "node_modules/next/dist/server/utils.js",
    "node_modules/next/dist/server/render-result.js": "node_modules/next/dist/server/render-result.js",
    "node_modules/next/dist/server/server-utils.js": "node_modules/next/dist/server/server-utils.js",
    "node_modules/next/dist/server/send-response.js": "node_modules/next/dist/server/send-response.js",
    "node_modules/next/dist/server/lib/to-route.js": "node_modules/next/dist/server/lib/to-route.js",
    "node_modules/next/dist/server/web/spec-extension/adapters/headers.js": "node_modules/next/dist/server/web/spec-extension/adapters/headers.js",
    "node_modules/next/dist/shared/lib/runtime-config.external.js": "node_modules/next/dist/shared/lib/runtime-config.external.js",
    "node_modules/next/dist/server/lib/format-hostname.js": "node_modules/next/dist/server/lib/format-hostname.js",
    "node_modules/next/dist/server/lib/builtin-request-context.js": "node_modules/next/dist/server/lib/builtin-request-context.js",
    "node_modules/next/dist/shared/lib/get-hostname.js": "node_modules/next/dist/shared/lib/get-hostname.js",
    "node_modules/next/dist/server/lib/match-next-data-pathname.js": "node_modules/next/dist/server/lib/match-next-data-pathname.js",
    "node_modules/next/dist/server/lib/server-action-request-meta.js": "node_modules/next/dist/server/lib/server-action-request-meta.js",
    "node_modules/next/dist/server/app-render/strip-flight-headers.js": "node_modules/next/dist/server/app-render/strip-flight-headers.js",
    "node_modules/next/dist/server/lib/incremental-cache/fetch-cache.js": "node_modules/next/dist/server/lib/incremental-cache/fetch-cache.js",
    "node_modules/next/dist/server/lib/incremental-cache/file-system-cache.js": "node_modules/next/dist/server/lib/incremental-cache/file-system-cache.js",
    "node_modules/next/dist/server/lib/incremental-cache/shared-revalidate-timings.js": "node_modules/next/dist/server/lib/incremental-cache/shared-revalidate-timings.js",
    "node_modules/next/dist/server/lib/server-ipc/request-utils.js": "node_modules/next/dist/server/lib/server-ipc/request-utils.js",
    "node_modules/next/dist/server/web/sandbox/sandbox.js": "node_modules/next/dist/server/web/sandbox/sandbox.js",
    "node_modules/next/dist/server/web/sandbox/context.js": "node_modules/next/dist/server/web/sandbox/context.js",
    "node_modules/next/dist/server/future/normalizers/locale-route-normalizer.js": "node_modules/next/dist/server/future/normalizers/locale-route-normalizer.js",
    "node_modules/next/dist/server/future/route-matcher-providers/app-page-route-matcher-provider.js": "node_modules/next/dist/server/future/route-matcher-providers/app-page-route-matcher-provider.js",
    "node_modules/next/dist/server/future/route-matcher-providers/pages-route-matcher-provider.js": "node_modules/next/dist/server/future/route-matcher-providers/pages-route-matcher-provider.js",
    "node_modules/next/dist/server/future/helpers/i18n-provider.js": "node_modules/next/dist/server/future/helpers/i18n-provider.js",
    "node_modules/next/dist/server/future/route-matcher-providers/app-route-route-matcher-provider.js": "node_modules/next/dist/server/future/route-matcher-providers/app-route-route-matcher-provider.js",
    "node_modules/next/dist/server/future/route-matcher-managers/default-route-matcher-manager.js": "node_modules/next/dist/server/future/route-matcher-managers/default-route-matcher-manager.js",
    "node_modules/next/dist/server/future/route-modules/checks.js": "node_modules/next/dist/server/future/route-modules/checks.js",
    "node_modules/next/dist/server/api-utils/node/try-get-preview-data.js": "node_modules/next/dist/server/api-utils/node/try-get-preview-data.js",
    "node_modules/next/dist/server/future/route-matcher-providers/pages-api-route-matcher-provider.js": "node_modules/next/dist/server/future/route-matcher-providers/pages-api-route-matcher-provider.js",
    "node_modules/next/dist/shared/lib/router/utils/index.js": "node_modules/next/dist/shared/lib/router/utils/index.js",
    "node_modules/next/dist/shared/lib/router/utils/is-bot.js": "node_modules/next/dist/shared/lib/router/utils/is-bot.js",
    "node_modules/next/dist/shared/lib/router/utils/escape-path-delimiters.js": "node_modules/next/dist/shared/lib/router/utils/escape-path-delimiters.js",
    "node_modules/next/dist/shared/lib/router/utils/get-route-from-asset-path.js": "node_modules/next/dist/shared/lib/router/utils/get-route-from-asset-path.js",
    "node_modules/next/dist/server/future/normalizers/request/action.js": "node_modules/next/dist/server/future/normalizers/request/action.js",
    "node_modules/next/dist/server/future/route-modules/helpers/response-handlers.js": "node_modules/next/dist/server/future/route-modules/helpers/response-handlers.js",
    "node_modules/next/dist/server/future/normalizers/request/postponed.js": "node_modules/next/dist/server/future/normalizers/request/postponed.js",
    "node_modules/next/dist/server/future/normalizers/request/rsc.js": "node_modules/next/dist/server/future/normalizers/request/rsc.js",
    "node_modules/next/dist/server/future/normalizers/request/prefetch-rsc.js": "node_modules/next/dist/server/future/normalizers/request/prefetch-rsc.js",
    "node_modules/next/dist/server/future/normalizers/request/next-data.js": "node_modules/next/dist/server/future/normalizers/request/next-data.js",
    "node_modules/next/dist/server/future/route-matcher-providers/helpers/manifest-loaders/server-manifest-loader.js": "node_modules/next/dist/server/future/route-matcher-providers/helpers/manifest-loaders/server-manifest-loader.js",
    "node_modules/next/node_modules/@swc/helpers/_/_interop_require_default/package.json": "node_modules/next/node_modules/@swc/helpers/_/_interop_require_default/package.json",
    "node_modules/next/dist/experimental/testmode/context.js": "node_modules/next/dist/experimental/testmode/context.js",
    "node_modules/next/dist/experimental/testmode/fetch.js": "node_modules/next/dist/experimental/testmode/fetch.js",
    "node_modules/next/dist/experimental/testmode/httpget.js": "node_modules/next/dist/experimental/testmode/httpget.js",
    "node_modules/next/dist/compiled/ws/package.json": "node_modules/next/dist/compiled/ws/package.json",
    "node_modules/next/dist/compiled/lru-cache/package.json": "node_modules/next/dist/compiled/lru-cache/package.json",
    "node_modules/next/dist/compiled/node-html-parser/package.json": "node_modules/next/dist/compiled/node-html-parser/package.json",
    "node_modules/next/dist/compiled/fresh/package.json": "node_modules/next/dist/compiled/fresh/package.json",
    "node_modules/next/dist/compiled/send/package.json": "node_modules/next/dist/compiled/send/package.json",
    "node_modules/next/dist/client/components/redirect-status-code.js": "node_modules/next/dist/client/components/redirect-status-code.js",
    "node_modules/next/dist/server/api-utils/get-cookie-parser.js": "node_modules/next/dist/server/api-utils/get-cookie-parser.js",
    "node_modules/react-dom/package.json": "node_modules/react-dom/package.json",
    "node_modules/next/dist/compiled/path-to-regexp/index.js": "node_modules/next/dist/compiled/path-to-regexp/index.js",
    "node_modules/react-dom/server.browser.js": "node_modules/react-dom/server.browser.js",
    "node_modules/next/dist/client/components/async-local-storage.js": "node_modules/next/dist/client/components/async-local-storage.js",
    "node_modules/next/node_modules/@swc/helpers/package.json": "node_modules/next/node_modules/@swc/helpers/package.json",
    "node_modules/next/dist/compiled/ws/index.js": "node_modules/next/dist/compiled/ws/index.js",
    "node_modules/next/dist/compiled/lru-cache/index.js": "node_modules/next/dist/compiled/lru-cache/index.js",
    "node_modules/next/dist/compiled/node-html-parser/index.js": "node_modules/next/dist/compiled/node-html-parser/index.js",
    "node_modules/next/dist/compiled/fresh/index.js": "node_modules/next/dist/compiled/fresh/index.js",
    "node_modules/next/dist/server/web/next-url.js": "node_modules/next/dist/server/web/next-url.js",
    "node_modules/next/dist/server/web/error.js": "node_modules/next/dist/server/web/error.js",
    "node_modules/next/dist/compiled/send/index.js": "node_modules/next/dist/compiled/send/index.js",
    "node_modules/next/dist/compiled/@opentelemetry/api/package.json": "node_modules/next/dist/compiled/@opentelemetry/api/package.json",
    "node_modules/next/dist/server/stream-utils/node-web-streams-helper.js": "node_modules/next/dist/server/stream-utils/node-web-streams-helper.js",
    "node_modules/next/dist/server/web/spec-extension/cookies.js": "node_modules/next/dist/server/web/spec-extension/cookies.js",
    "node_modules/next/dist/compiled/cookie/package.json": "node_modules/next/dist/compiled/cookie/package.json",
    "node_modules/next/dist/compiled/jsonwebtoken/package.json": "node_modules/next/dist/compiled/jsonwebtoken/package.json",
    "node_modules/next/dist/lib/pick.js": "node_modules/next/dist/lib/pick.js",
    "node_modules/next/dist/server/lib/is-ipv6.js": "node_modules/next/dist/server/lib/is-ipv6.js",
    "node_modules/next/dist/lib/is-api-route.js": "node_modules/next/dist/lib/is-api-route.js",
    "node_modules/next/dist/lib/is-app-page-route.js": "node_modules/next/dist/lib/is-app-page-route.js",
    "node_modules/next/dist/lib/is-app-route-route.js": "node_modules/next/dist/lib/is-app-route-route.js",
    "node_modules/next/dist/server/crypto-utils.js": "node_modules/next/dist/server/crypto-utils.js",
    "node_modules/next/dist/shared/lib/router/utils/path-match.js": "node_modules/next/dist/shared/lib/router/utils/path-match.js",
    "node_modules/next/dist/shared/lib/error-source.js": "node_modules/next/dist/shared/lib/error-source.js",
    "node_modules/next/dist/shared/lib/router/utils/parse-path.js": "node_modules/next/dist/shared/lib/router/utils/parse-path.js",
    "node_modules/next/dist/shared/lib/isomorphic/path.js": "node_modules/next/dist/shared/lib/isomorphic/path.js",
    "node_modules/next/dist/server/lib/server-ipc/invoke-request.js": "node_modules/next/dist/server/lib/server-ipc/invoke-request.js",
    "node_modules/next/dist/server/web/sandbox/fetch-inline-assets.js": "node_modules/next/dist/server/web/sandbox/fetch-inline-assets.js",
    "node_modules/next/dist/server/web/sandbox/resource-managers.js": "node_modules/next/dist/server/web/sandbox/resource-managers.js",
    "node_modules/next/node_modules/@swc/helpers/cjs/_interop_require_default.cjs": "node_modules/next/node_modules/@swc/helpers/cjs/_interop_require_default.cjs",
    "node_modules/next/dist/server/future/route-matcher-providers/manifest-route-matcher-provider.js": "node_modules/next/dist/server/future/route-matcher-providers/manifest-route-matcher-provider.js",
    "node_modules/next/dist/server/future/route-matchers/pages-route-matcher.js": "node_modules/next/dist/server/future/route-matchers/pages-route-matcher.js",
    "node_modules/next/dist/server/future/route-matchers/app-page-route-matcher.js": "node_modules/next/dist/server/future/route-matchers/app-page-route-matcher.js",
    "node_modules/next/dist/server/future/route-matchers/app-route-route-matcher.js": "node_modules/next/dist/server/future/route-matchers/app-route-route-matcher.js",
    "node_modules/next/dist/server/future/route-matchers/locale-route-matcher.js": "node_modules/next/dist/server/future/route-matchers/locale-route-matcher.js",
    "node_modules/next/dist/server/future/route-matchers/pages-api-route-matcher.js": "node_modules/next/dist/server/future/route-matchers/pages-api-route-matcher.js",
    "node_modules/next/dist/server/web/spec-extension/adapters/reflect.js": "node_modules/next/dist/server/web/spec-extension/adapters/reflect.js",
    "node_modules/next/dist/client/components/react-dev-overlay/server/middleware.js": "node_modules/next/dist/client/components/react-dev-overlay/server/middleware.js",
    "node_modules/next/dist/compiled/@opentelemetry/api/index.js": "node_modules/next/dist/compiled/@opentelemetry/api/index.js",
    "node_modules/next/dist/compiled/cookie/index.js": "node_modules/next/dist/compiled/cookie/index.js",
    "node_modules/next/dist/compiled/jsonwebtoken/index.js": "node_modules/next/dist/compiled/jsonwebtoken/index.js",
    "node_modules/next/dist/shared/lib/router/utils/sorted-routes.js": "node_modules/next/dist/shared/lib/router/utils/sorted-routes.js",
    "node_modules/next/dist/shared/lib/router/utils/is-dynamic.js": "node_modules/next/dist/shared/lib/router/utils/is-dynamic.js",
    "node_modules/next/dist/server/web/spec-extension/adapters/request-cookies.js": "node_modules/next/dist/server/web/spec-extension/adapters/request-cookies.js",
    "node_modules/next/dist/server/future/normalizers/request/suffix.js": "node_modules/next/dist/server/future/normalizers/request/suffix.js",
    "node_modules/next/dist/server/future/normalizers/request/prefix.js": "node_modules/next/dist/server/future/normalizers/request/prefix.js",
    "node_modules/react-dom/cjs/react-dom-server.browser.production.min.js": "node_modules/react-dom/cjs/react-dom-server.browser.production.min.js",
    "node_modules/react-dom/cjs/react-dom-server-legacy.browser.production.min.js": "node_modules/react-dom/cjs/react-dom-server-legacy.browser.production.min.js",
    "node_modules/next/dist/server/future/normalizers/built/pages/index.js": "node_modules/next/dist/server/future/normalizers/built/pages/index.js",
    "node_modules/next/dist/server/future/normalizers/built/app/index.js": "node_modules/next/dist/server/future/normalizers/built/app/index.js",
    "node_modules/next/dist/server/stream-utils/encodedTags.js": "node_modules/next/dist/server/stream-utils/encodedTags.js",
    "node_modules/next/dist/server/stream-utils/uint8array-helpers.js": "node_modules/next/dist/server/stream-utils/uint8array-helpers.js",
    "node_modules/next/dist/shared/lib/i18n/detect-domain-locale.js": "node_modules/next/dist/shared/lib/i18n/detect-domain-locale.js",
    "node_modules/next/dist/compiled/next-server/app-page-turbo-experimental.runtime.prod.js": "node_modules/next/dist/compiled/next-server/app-page-turbo-experimental.runtime.prod.js",
    "node_modules/next/dist/compiled/next-server/app-page-experimental.runtime.prod.js": "node_modules/next/dist/compiled/next-server/app-page-experimental.runtime.prod.js",
    "node_modules/next/dist/compiled/next-server/app-page-turbo.runtime.prod.js": "node_modules/next/dist/compiled/next-server/app-page-turbo.runtime.prod.js",
    "node_modules/next/dist/compiled/next-server/pages-turbo.runtime.prod.js": "node_modules/next/dist/compiled/next-server/pages-turbo.runtime.prod.js",
    "node_modules/next/dist/shared/lib/router/utils/format-next-pathname-info.js": "node_modules/next/dist/shared/lib/router/utils/format-next-pathname-info.js",
    "node_modules/next/dist/server/future/route-modules/app-page/module.js": "node_modules/next/dist/server/future/route-modules/app-page/module.js",
    "node_modules/next/dist/server/future/route-modules/pages/module.js": "node_modules/next/dist/server/future/route-modules/pages/module.js",
    "node_modules/next/dist/compiled/edge-runtime/package.json": "node_modules/next/dist/compiled/edge-runtime/package.json",
    "node_modules/next/dist/server/lib/server-ipc/utils.js": "node_modules/next/dist/server/lib/server-ipc/utils.js",
    "node_modules/next/dist/server/future/route-matchers/route-matcher.js": "node_modules/next/dist/server/future/route-matchers/route-matcher.js",
    "node_modules/next/dist/server/future/route-matcher-providers/helpers/cached-route-matcher-provider.js": "node_modules/next/dist/server/future/route-matcher-providers/helpers/cached-route-matcher-provider.js",
    "node_modules/next/dist/client/components/react-dev-overlay/server/shared.js": "node_modules/next/dist/client/components/react-dev-overlay/server/shared.js",
    "node_modules/next/dist/client/components/react-dev-overlay/internal/helpers/getRawSourceMap.js": "node_modules/next/dist/client/components/react-dev-overlay/internal/helpers/getRawSourceMap.js",
    "node_modules/next/dist/client/components/react-dev-overlay/internal/helpers/launchEditor.js": "node_modules/next/dist/client/components/react-dev-overlay/internal/helpers/launchEditor.js",
    "node_modules/next/dist/client/components/react-dev-overlay/internal/helpers/nodeStackFrames.js": "node_modules/next/dist/client/components/react-dev-overlay/internal/helpers/nodeStackFrames.js",
    "node_modules/next/dist/client/components/react-dev-overlay/internal/helpers/parseStack.js": "node_modules/next/dist/client/components/react-dev-overlay/internal/helpers/parseStack.js",
    "node_modules/next/dist/compiled/edge-runtime/index.js": "node_modules/next/dist/compiled/edge-runtime/index.js",
    "node_modules/next/dist/compiled/@mswjs/interceptors/ClientRequest/package.json": "node_modules/next/dist/compiled/@mswjs/interceptors/ClientRequest/package.json",
    "node_modules/next/dist/compiled/debug/package.json": "node_modules/next/dist/compiled/debug/package.json",
    "node_modules/next/dist/server/future/normalizers/built/pages/pages-page-normalizer.js": "node_modules/next/dist/server/future/normalizers/built/pages/pages-page-normalizer.js",
    "node_modules/next/dist/server/future/normalizers/built/pages/pages-filename-normalizer.js": "node_modules/next/dist/server/future/normalizers/built/pages/pages-filename-normalizer.js",
    "node_modules/next/dist/server/future/normalizers/built/app/app-bundle-path-normalizer.js": "node_modules/next/dist/server/future/normalizers/built/app/app-bundle-path-normalizer.js",
    "node_modules/next/dist/server/future/normalizers/built/app/app-filename-normalizer.js": "node_modules/next/dist/server/future/normalizers/built/app/app-filename-normalizer.js",
    "node_modules/next/dist/server/future/normalizers/built/app/app-pathname-normalizer.js": "node_modules/next/dist/server/future/normalizers/built/app/app-pathname-normalizer.js",
    "node_modules/next/dist/server/future/normalizers/built/pages/pages-pathname-normalizer.js": "node_modules/next/dist/server/future/normalizers/built/pages/pages-pathname-normalizer.js",
    "node_modules/next/dist/server/future/normalizers/built/pages/pages-bundle-path-normalizer.js": "node_modules/next/dist/server/future/normalizers/built/pages/pages-bundle-path-normalizer.js",
    "node_modules/next/dist/server/future/normalizers/built/app/app-page-normalizer.js": "node_modules/next/dist/server/future/normalizers/built/app/app-page-normalizer.js",
    "node_modules/next/dist/server/render.js": "node_modules/next/dist/server/render.js",
    "node_modules/next/dist/lib/semver-noop.js": "node_modules/next/dist/lib/semver-noop.js",
    "node_modules/next/dist/shared/lib/router/utils/add-path-suffix.js": "node_modules/next/dist/shared/lib/router/utils/add-path-suffix.js",
    "node_modules/next/dist/shared/lib/router/utils/add-locale.js": "node_modules/next/dist/shared/lib/router/utils/add-locale.js",
    "node_modules/next/dist/shared/lib/router/utils/add-path-prefix.js": "node_modules/next/dist/shared/lib/router/utils/add-path-prefix.js",
    "node_modules/next/dist/compiled/@edge-runtime/cookies/package.json": "node_modules/next/dist/compiled/@edge-runtime/cookies/package.json",
    "node_modules/next/dist/compiled/@mswjs/interceptors/ClientRequest/index.js": "node_modules/next/dist/compiled/@mswjs/interceptors/ClientRequest/index.js",
    "node_modules/next/dist/server/app-render/app-render.js": "node_modules/next/dist/server/app-render/app-render.js",
    "node_modules/next/dist/server/future/route-modules/route-module.js": "node_modules/next/dist/server/future/route-modules/route-module.js",
    "node_modules/next/dist/compiled/debug/index.js": "node_modules/next/dist/compiled/debug/index.js",
    "node_modules/next/dist/compiled/path-browserify/package.json": "node_modules/next/dist/compiled/path-browserify/package.json",
    "node_modules/next/dist/compiled/source-map08/package.json": "node_modules/next/dist/compiled/source-map08/package.json",
    "node_modules/next/dist/server/future/route-modules/app-page/vendored/contexts/entrypoints.js": "node_modules/next/dist/server/future/route-modules/app-page/vendored/contexts/entrypoints.js",
    "node_modules/next/dist/server/future/route-modules/app-page/vendored/ssr/entrypoints.js": "node_modules/next/dist/server/future/route-modules/app-page/vendored/ssr/entrypoints.js",
    "node_modules/next/dist/server/future/route-modules/app-page/vendored/rsc/entrypoints.js": "node_modules/next/dist/server/future/route-modules/app-page/vendored/rsc/entrypoints.js",
    "node_modules/next/dist/server/future/route-modules/pages/vendored/contexts/entrypoints.js": "node_modules/next/dist/server/future/route-modules/pages/vendored/contexts/entrypoints.js",
    "node_modules/next/dist/compiled/@edge-runtime/cookies/index.js": "node_modules/next/dist/compiled/@edge-runtime/cookies/index.js",
    "node_modules/next/dist/compiled/path-browserify/index.js": "node_modules/next/dist/compiled/path-browserify/index.js",
    "node_modules/next/dist/client/components/react-dev-overlay/internal/helpers/getSourceMapUrl.js": "node_modules/next/dist/client/components/react-dev-overlay/internal/helpers/getSourceMapUrl.js",
    "node_modules/next/dist/compiled/source-map08/source-map.js": "node_modules/next/dist/compiled/source-map08/source-map.js",
    "node_modules/next/dist/lib/is-serializable-props.js": "node_modules/next/dist/lib/is-serializable-props.js",
    "node_modules/next/dist/server/internal-utils.js": "node_modules/next/dist/server/internal-utils.js",
    "node_modules/next/dist/server/post-process.js": "node_modules/next/dist/server/post-process.js",
    "node_modules/next/dist/shared/lib/amp-mode.js": "node_modules/next/dist/shared/lib/amp-mode.js",
    "node_modules/next/dist/shared/lib/amp-context.shared-runtime.js": "node_modules/next/dist/shared/lib/amp-context.shared-runtime.js",
    "node_modules/next/dist/shared/lib/head-manager-context.shared-runtime.js": "node_modules/next/dist/shared/lib/head-manager-context.shared-runtime.js",
    "node_modules/next/dist/shared/lib/router-context.shared-runtime.js": "node_modules/next/dist/shared/lib/router-context.shared-runtime.js",
    "node_modules/next/dist/shared/lib/head.js": "node_modules/next/dist/shared/lib/head.js",
    "node_modules/next/dist/shared/lib/html-context.shared-runtime.js": "node_modules/next/dist/shared/lib/html-context.shared-runtime.js",
    "node_modules/next/dist/shared/lib/loadable.shared-runtime.js": "node_modules/next/dist/shared/lib/loadable.shared-runtime.js",
    "node_modules/next/dist/shared/lib/loadable-context.shared-runtime.js": "node_modules/next/dist/shared/lib/loadable-context.shared-runtime.js",
    "node_modules/next/dist/shared/lib/image-config-context.shared-runtime.js": "node_modules/next/dist/shared/lib/image-config-context.shared-runtime.js",
    "node_modules/next/dist/shared/lib/hooks-client-context.shared-runtime.js": "node_modules/next/dist/shared/lib/hooks-client-context.shared-runtime.js",
    "node_modules/next/dist/shared/lib/app-router-context.shared-runtime.js": "node_modules/next/dist/shared/lib/app-router-context.shared-runtime.js",
    "node_modules/next/dist/client/components/match-segments.js": "node_modules/next/dist/client/components/match-segments.js",
    "node_modules/next/dist/server/async-storage/request-async-storage-wrapper.js": "node_modules/next/dist/server/async-storage/request-async-storage-wrapper.js",
    "node_modules/next/dist/server/async-storage/static-generation-async-storage-wrapper.js": "node_modules/next/dist/server/async-storage/static-generation-async-storage-wrapper.js",
    "node_modules/next/dist/shared/lib/router/adapters.js": "node_modules/next/dist/shared/lib/router/adapters.js",
    "node_modules/next/dist/client/components/not-found.js": "node_modules/next/dist/client/components/not-found.js",
    "node_modules/next/dist/lib/page-types.js": "node_modules/next/dist/lib/page-types.js",
    "node_modules/next/dist/client/components/redirect.js": "node_modules/next/dist/client/components/redirect.js",
    "node_modules/next/dist/server/app-render/get-short-dynamic-param-type.js": "node_modules/next/dist/server/app-render/get-short-dynamic-param-type.js",
    "node_modules/next/dist/server/lib/patch-fetch.js": "node_modules/next/dist/server/lib/patch-fetch.js",
    "node_modules/next/dist/server/app-render/flight-render-result.js": "node_modules/next/dist/server/app-render/flight-render-result.js",
    "node_modules/next/dist/server/app-render/get-segment-param.js": "node_modules/next/dist/server/app-render/get-segment-param.js",
    "node_modules/next/dist/server/app-render/create-error-handler.js": "node_modules/next/dist/server/app-render/create-error-handler.js",
    "node_modules/next/dist/server/app-render/get-script-nonce-from-header.js": "node_modules/next/dist/server/app-render/get-script-nonce-from-header.js",
    "node_modules/next/dist/server/app-render/action-handler.js": "node_modules/next/dist/server/app-render/action-handler.js",
    "node_modules/next/dist/lib/metadata/metadata.js": "node_modules/next/dist/lib/metadata/metadata.js",
    "node_modules/next/dist/server/app-render/parse-and-validate-flight-router-state.js": "node_modules/next/dist/server/app-render/parse-and-validate-flight-router-state.js",
    "node_modules/next/dist/server/app-render/create-flight-router-state-from-loader-tree.js": "node_modules/next/dist/server/app-render/create-flight-router-state-from-loader-tree.js",
    "node_modules/next/dist/server/app-render/validate-url.js": "node_modules/next/dist/server/app-render/validate-url.js",
    "node_modules/next/dist/server/app-render/server-inserted-html.js": "node_modules/next/dist/server/app-render/server-inserted-html.js",
    "node_modules/next/dist/server/app-render/make-get-server-inserted-html.js": "node_modules/next/dist/server/app-render/make-get-server-inserted-html.js",
    "node_modules/next/dist/server/app-render/required-scripts.js": "node_modules/next/dist/server/app-render/required-scripts.js",
    "node_modules/next/dist/server/app-render/walk-tree-with-flight-router-state.js": "node_modules/next/dist/server/app-render/walk-tree-with-flight-router-state.js",
    "node_modules/next/dist/client/components/hooks-server-context.js": "node_modules/next/dist/client/components/hooks-server-context.js",
    "node_modules/next/dist/server/app-render/dynamic-rendering.js": "node_modules/next/dist/server/app-render/dynamic-rendering.js",
    "node_modules/next/dist/client/components/static-generation-bailout.js": "node_modules/next/dist/client/components/static-generation-bailout.js",
    "node_modules/next/dist/server/app-render/create-component-tree.js": "node_modules/next/dist/server/app-render/create-component-tree.js",
    "node_modules/next/dist/server/app-render/use-flight-response.js": "node_modules/next/dist/server/app-render/use-flight-response.js",
    "node_modules/next/dist/client/components/dev-root-not-found-boundary.js": "node_modules/next/dist/client/components/dev-root-not-found-boundary.js",
    "node_modules/next/dist/server/future/normalizers/prefixing-normalizer.js": "node_modules/next/dist/server/future/normalizers/prefixing-normalizer.js",
    "node_modules/next/dist/server/future/normalizers/absolute-filename-normalizer.js": "node_modules/next/dist/server/future/normalizers/absolute-filename-normalizer.js",
    "node_modules/next/dist/server/future/normalizers/normalizers.js": "node_modules/next/dist/server/future/normalizers/normalizers.js",
    "node_modules/next/dist/server/future/normalizers/wrap-normalizer-fn.js": "node_modules/next/dist/server/future/normalizers/wrap-normalizer-fn.js",
    "node_modules/next/dist/server/future/normalizers/underscore-normalizer.js": "node_modules/next/dist/server/future/normalizers/underscore-normalizer.js",
    "node_modules/next/dist/server/app-render/static/static-renderer.js": "node_modules/next/dist/server/app-render/static/static-renderer.js",
    "node_modules/next/dist/shared/lib/lazy-dynamic/bailout-to-csr.js": "node_modules/next/dist/shared/lib/lazy-dynamic/bailout-to-csr.js",
    "node_modules/next/dist/shared/lib/server-inserted-html.shared-runtime.js": "node_modules/next/dist/shared/lib/server-inserted-html.shared-runtime.js",
    "node_modules/next/dist/compiled/babel/code-frame.js": "node_modules/next/dist/compiled/babel/code-frame.js",
    "node_modules/next/dist/compiled/babel/package.json": "node_modules/next/dist/compiled/babel/package.json",
    "node_modules/next/dist/compiled/shell-quote/package.json": "node_modules/next/dist/compiled/shell-quote/package.json",
    "node_modules/next/dist/compiled/stacktrace-parser/package.json": "node_modules/next/dist/compiled/stacktrace-parser/package.json",
    "node_modules/next/dist/lib/non-nullable.js": "node_modules/next/dist/lib/non-nullable.js",
    "node_modules/next/dist/server/optimize-amp.js": "node_modules/next/dist/server/optimize-amp.js",
    "node_modules/next/dist/compiled/data-uri-to-buffer/package.json": "node_modules/next/dist/compiled/data-uri-to-buffer/package.json",
    "node_modules/next/dist/shared/lib/side-effect.js": "node_modules/next/dist/shared/lib/side-effect.js",
    "node_modules/next/dist/shared/lib/image-config.js": "node_modules/next/dist/shared/lib/image-config.js",
    "node_modules/next/dist/server/htmlescape.js": "node_modules/next/dist/server/htmlescape.js",
    "node_modules/next/dist/lib/url.js": "node_modules/next/dist/lib/url.js",
    "node_modules/next/dist/lib/client-reference.js": "node_modules/next/dist/lib/client-reference.js",
    "node_modules/next/dist/server/app-render/get-asset-query-string.js": "node_modules/next/dist/server/app-render/get-asset-query-string.js",
    "node_modules/next/dist/compiled/strip-ansi/package.json": "node_modules/next/dist/compiled/strip-ansi/package.json",
    "node_modules/next/dist/compiled/react-is/package.json": "node_modules/next/dist/compiled/react-is/package.json",
    "node_modules/next/dist/shared/lib/utils/warn-once.js": "node_modules/next/dist/shared/lib/utils/warn-once.js",
    "node_modules/next/dist/server/async-storage/draft-mode-provider.js": "node_modules/next/dist/server/async-storage/draft-mode-provider.js",
    "node_modules/next/dist/server/lib/dedupe-fetch.js": "node_modules/next/dist/server/lib/dedupe-fetch.js",
    "node_modules/next/dist/server/lib/clone-response.js": "node_modules/next/dist/server/lib/clone-response.js",
    "node_modules/next/dist/export/helpers/is-dynamic-usage-error.js": "node_modules/next/dist/export/helpers/is-dynamic-usage-error.js",
    "node_modules/next/dist/lib/metadata/resolve-metadata.js": "node_modules/next/dist/lib/metadata/resolve-metadata.js",
    "node_modules/next/dist/lib/metadata/default-metadata.js": "node_modules/next/dist/lib/metadata/default-metadata.js",
    "node_modules/next/dist/server/app-render/csrf-protection.js": "node_modules/next/dist/server/app-render/csrf-protection.js",
    "node_modules/next/dist/server/app-render/react-server.node.js": "node_modules/next/dist/server/app-render/react-server.node.js",
    "node_modules/next/dist/server/app-render/types.js": "node_modules/next/dist/server/app-render/types.js",
    "node_modules/next/dist/server/app-render/get-css-inlined-link-tags.js": "node_modules/next/dist/server/app-render/get-css-inlined-link-tags.js",
    "node_modules/next/dist/server/app-render/has-loading-component-in-tree.js": "node_modules/next/dist/server/app-render/has-loading-component-in-tree.js",
    "node_modules/next/dist/server/app-render/get-preloadable-fonts.js": "node_modules/next/dist/server/app-render/get-preloadable-fonts.js",
    "node_modules/next/dist/shared/lib/encode-uri-path.js": "node_modules/next/dist/shared/lib/encode-uri-path.js",
    "node_modules/next/dist/client/components/not-found-boundary.js": "node_modules/next/dist/client/components/not-found-boundary.js",
    "node_modules/next/dist/server/app-render/interop-default.js": "node_modules/next/dist/server/app-render/interop-default.js",
    "node_modules/next/dist/client/components/parallel-route-default.js": "node_modules/next/dist/client/components/parallel-route-default.js",
    "node_modules/next/dist/server/app-render/create-component-styles-and-scripts.js": "node_modules/next/dist/server/app-render/create-component-styles-and-scripts.js",
    "node_modules/next/dist/server/app-render/get-layer-assets.js": "node_modules/next/dist/server/app-render/get-layer-assets.js",
    "node_modules/next/dist/server/app-render/parse-loader-tree.js": "node_modules/next/dist/server/app-render/parse-loader-tree.js",
    "node_modules/next/dist/server/lib/app-dir-module.js": "node_modules/next/dist/server/lib/app-dir-module.js",
    "node_modules/next/dist/lib/metadata/generate/alternate.js": "node_modules/next/dist/lib/metadata/generate/alternate.js",
    "node_modules/next/dist/lib/metadata/generate/icons.js": "node_modules/next/dist/lib/metadata/generate/icons.js",
    "node_modules/next/dist/lib/metadata/generate/meta.js": "node_modules/next/dist/lib/metadata/generate/meta.js",
    "node_modules/next/dist/lib/metadata/generate/basic.js": "node_modules/next/dist/lib/metadata/generate/basic.js",
    "node_modules/next/dist/lib/metadata/generate/opengraph.js": "node_modules/next/dist/lib/metadata/generate/opengraph.js",
    "node_modules/next/dist/compiled/shell-quote/index.js": "node_modules/next/dist/compiled/shell-quote/index.js",
    "node_modules/next/dist/compiled/stacktrace-parser/stack-trace-parser.cjs.js": "node_modules/next/dist/compiled/stacktrace-parser/stack-trace-parser.cjs.js",
    "node_modules/next/dist/compiled/data-uri-to-buffer/index.js": "node_modules/next/dist/compiled/data-uri-to-buffer/index.js",
    "node_modules/next/dist/compiled/nanoid/package.json": "node_modules/next/dist/compiled/nanoid/package.json",
    "node_modules/next/dist/shared/lib/router/utils/as-path-to-search-params.js": "node_modules/next/dist/shared/lib/router/utils/as-path-to-search-params.js",
    "node_modules/next/dist/shared/lib/page-path/absolute-path-to-page.js": "node_modules/next/dist/shared/lib/page-path/absolute-path-to-page.js",
    "node_modules/next/dist/compiled/strip-ansi/index.js": "node_modules/next/dist/compiled/strip-ansi/index.js",
    "node_modules/next/dist/compiled/react-is/index.js": "node_modules/next/dist/compiled/react-is/index.js",
    "node_modules/next/dist/compiled/babel/bundle.js": "node_modules/next/dist/compiled/babel/bundle.js",
    "node_modules/next/dist/compiled/nanoid/index.cjs": "node_modules/next/dist/compiled/nanoid/index.cjs",
    "node_modules/react/jsx-dev-runtime.js": "node_modules/react/jsx-dev-runtime.js",
    "node_modules/next/node_modules/@swc/helpers/_/_interop_require_wildcard/package.json": "node_modules/next/node_modules/@swc/helpers/_/_interop_require_wildcard/package.json",
    "node_modules/react-dom/index.js": "node_modules/react-dom/index.js",
    "node_modules/busboy/package.json": "node_modules/busboy/package.json",
    "node_modules/next/dist/export/helpers/is-navigation-signal-error.js": "node_modules/next/dist/export/helpers/is-navigation-signal-error.js",
    "node_modules/next/dist/lib/metadata/clone-metadata.js": "node_modules/next/dist/lib/metadata/clone-metadata.js",
    "node_modules/next/dist/client/components/navigation.js": "node_modules/next/dist/client/components/navigation.js",
    "node_modules/next/dist/lib/metadata/generate/utils.js": "node_modules/next/dist/lib/metadata/generate/utils.js",
    "node_modules/next/dist/lib/metadata/resolvers/resolve-icons.js": "node_modules/next/dist/lib/metadata/resolvers/resolve-icons.js",
    "node_modules/next/dist/lib/metadata/resolvers/resolve-title.js": "node_modules/next/dist/lib/metadata/resolvers/resolve-title.js",
    "node_modules/next/dist/lib/metadata/resolvers/resolve-basics.js": "node_modules/next/dist/lib/metadata/resolvers/resolve-basics.js",
    "node_modules/next/dist/lib/metadata/resolvers/resolve-opengraph.js": "node_modules/next/dist/lib/metadata/resolvers/resolve-opengraph.js",
    "node_modules/busboy/lib/index.js": "node_modules/busboy/lib/index.js",
    "node_modules/next/dist/compiled/string-hash/package.json": "node_modules/next/dist/compiled/string-hash/package.json",
    "node_modules/next/dist/compiled/superstruct/package.json": "node_modules/next/dist/compiled/superstruct/package.json",
    "node_modules/next/dist/compiled/bytes/package.json": "node_modules/next/dist/compiled/bytes/package.json",
    "node_modules/next/dist/lib/metadata/constants.js": "node_modules/next/dist/lib/metadata/constants.js",
    "node_modules/next/dist/lib/metadata/get-metadata-route.js": "node_modules/next/dist/lib/metadata/get-metadata-route.js",
    "node_modules/react/cjs/react-jsx-dev-runtime.production.min.js": "node_modules/react/cjs/react-jsx-dev-runtime.production.min.js",
    "node_modules/next/dist/shared/lib/page-path/remove-page-path-tail.js": "node_modules/next/dist/shared/lib/page-path/remove-page-path-tail.js",
    "node_modules/next/dist/compiled/react-is/cjs/react-is.development.js": "node_modules/next/dist/compiled/react-is/cjs/react-is.development.js",
    "node_modules/next/dist/compiled/react-is/cjs/react-is.production.min.js": "node_modules/next/dist/compiled/react-is/cjs/react-is.production.min.js",
    "node_modules/next/dist/compiled/string-hash/index.js": "node_modules/next/dist/compiled/string-hash/index.js",
    "node_modules/next/dist/compiled/superstruct/index.cjs": "node_modules/next/dist/compiled/superstruct/index.cjs",
    "node_modules/next/dist/compiled/bytes/index.js": "node_modules/next/dist/compiled/bytes/index.js",
    "node_modules/next/node_modules/@swc/helpers/cjs/_interop_require_wildcard.cjs": "node_modules/next/node_modules/@swc/helpers/cjs/_interop_require_wildcard.cjs",
    "node_modules/react-dom/cjs/react-dom.production.min.js": "node_modules/react-dom/cjs/react-dom.production.min.js",
    "node_modules/busboy/lib/utils.js": "node_modules/busboy/lib/utils.js",
    "node_modules/busboy/lib/types/multipart.js": "node_modules/busboy/lib/types/multipart.js",
    "node_modules/busboy/lib/types/urlencoded.js": "node_modules/busboy/lib/types/urlencoded.js",
    "node_modules/next/dist/client/components/bailout-to-client-rendering.js": "node_modules/next/dist/client/components/bailout-to-client-rendering.js",
    "node_modules/next/dist/client/components/navigation.react-server.js": "node_modules/next/dist/client/components/navigation.react-server.js",
    "node_modules/next/dist/client/components/router-reducer/reducers/get-segment-value.js": "node_modules/next/dist/client/components/router-reducer/reducers/get-segment-value.js",
    "node_modules/next/dist/lib/metadata/resolvers/resolve-url.js": "node_modules/next/dist/lib/metadata/resolvers/resolve-url.js",
    "node_modules/next/dist/shared/lib/hash.js": "node_modules/next/dist/shared/lib/hash.js",
    "node_modules/next/dist/lib/metadata/is-metadata-route.js": "node_modules/next/dist/lib/metadata/is-metadata-route.js",
    "node_modules/next/dist/compiled/semver/package.json": "node_modules/next/dist/compiled/semver/package.json",
    "node_modules/next/dist/compiled/json5/package.json": "node_modules/next/dist/compiled/json5/package.json",
    "node_modules/next/dist/compiled/browserslist/package.json": "node_modules/next/dist/compiled/browserslist/package.json",
    "node_modules/next/dist/compiled/babel-packages/package.json": "node_modules/next/dist/compiled/babel-packages/package.json",
    "node_modules/next/dist/compiled/semver/index.js": "node_modules/next/dist/compiled/semver/index.js",
    "node_modules/next/dist/compiled/json5/index.js": "node_modules/next/dist/compiled/json5/index.js",
    "node_modules/next/dist/compiled/browserslist/index.js": "node_modules/next/dist/compiled/browserslist/index.js",
    "node_modules/scheduler/index.js": "node_modules/scheduler/index.js",
    "node_modules/streamsearch/package.json": "node_modules/streamsearch/package.json",
    "node_modules/streamsearch/lib/sbmh.js": "node_modules/streamsearch/lib/sbmh.js",
    "node_modules/scheduler/cjs/scheduler.development.js": "node_modules/scheduler/cjs/scheduler.development.js",
    "node_modules/scheduler/cjs/scheduler.production.min.js": "node_modules/scheduler/cjs/scheduler.production.min.js",
    "node_modules/caniuse-lite/dist/unpacker/feature.js": "node_modules/caniuse-lite/dist/unpacker/feature.js",
    "node_modules/caniuse-lite/dist/unpacker/agents.js": "node_modules/caniuse-lite/dist/unpacker/agents.js",
    "node_modules/caniuse-lite/dist/unpacker/region.js": "node_modules/caniuse-lite/dist/unpacker/region.js",
    "node_modules/caniuse-lite/package.json": "node_modules/caniuse-lite/package.json",
    "node_modules/next/dist/compiled/babel/types.js": "node_modules/next/dist/compiled/babel/types.js",
    "node_modules/next/dist/compiled/babel/traverse.js": "node_modules/next/dist/compiled/babel/traverse.js",
    "node_modules/next/dist/compiled/babel/parser.js": "node_modules/next/dist/compiled/babel/parser.js",
    "node_modules/scheduler/package.json": "node_modules/scheduler/package.json",
    "node_modules/caniuse-lite/data/agents.js": "node_modules/caniuse-lite/data/agents.js",
    "node_modules/caniuse-lite/dist/unpacker/browserVersions.js": "node_modules/caniuse-lite/dist/unpacker/browserVersions.js",
    "node_modules/caniuse-lite/dist/unpacker/browsers.js": "node_modules/caniuse-lite/dist/unpacker/browsers.js",
    "node_modules/caniuse-lite/dist/lib/statuses.js": "node_modules/caniuse-lite/dist/lib/statuses.js",
    "node_modules/caniuse-lite/dist/lib/supported.js": "node_modules/caniuse-lite/dist/lib/supported.js",
    "node_modules/caniuse-lite/data/browsers.js": "node_modules/caniuse-lite/data/browsers.js",
    "node_modules/caniuse-lite/data/browserVersions.js": "node_modules/caniuse-lite/data/browserVersions.js",
    "node_modules/next/dist/compiled/babel/core.js": "node_modules/next/dist/compiled/babel/core.js",
    "node_modules/next/dist/server/future/route-modules/app-page/vendored/contexts/amp-context.js": "node_modules/next/dist/server/future/route-modules/app-page/vendored/contexts/amp-context.js",
    "node_modules/next/dist/server/future/route-modules/app-page/vendored/contexts/app-router-context.js": "node_modules/next/dist/server/future/route-modules/app-page/vendored/contexts/app-router-context.js",
    "node_modules/next/dist/server/future/route-modules/app-page/vendored/contexts/head-manager-context.js": "node_modules/next/dist/server/future/route-modules/app-page/vendored/contexts/head-manager-context.js",
    "node_modules/next/dist/compiled/babel-packages/packages-bundle.js": "node_modules/next/dist/compiled/babel-packages/packages-bundle.js",
    "node_modules/next/dist/server/future/route-modules/app-page/vendored/contexts/hooks-client-context.js": "node_modules/next/dist/server/future/route-modules/app-page/vendored/contexts/hooks-client-context.js",
    "node_modules/next/dist/server/future/route-modules/app-page/vendored/contexts/image-config-context.js": "node_modules/next/dist/server/future/route-modules/app-page/vendored/contexts/image-config-context.js",
    "node_modules/next/dist/server/future/route-modules/app-page/vendored/contexts/router-context.js": "node_modules/next/dist/server/future/route-modules/app-page/vendored/contexts/router-context.js",
    "node_modules/next/dist/server/future/route-modules/app-page/vendored/contexts/server-inserted-html.js": "node_modules/next/dist/server/future/route-modules/app-page/vendored/contexts/server-inserted-html.js",
    "node_modules/next/dist/server/future/route-modules/pages/vendored/contexts/amp-context.js": "node_modules/next/dist/server/future/route-modules/pages/vendored/contexts/amp-context.js",
    "node_modules/next/dist/server/future/route-modules/app-page/vendored/contexts/loadable-context.js": "node_modules/next/dist/server/future/route-modules/app-page/vendored/contexts/loadable-context.js",
    "node_modules/next/dist/server/future/route-modules/app-page/vendored/contexts/loadable.js": "node_modules/next/dist/server/future/route-modules/app-page/vendored/contexts/loadable.js",
    "node_modules/next/dist/server/future/route-modules/pages/vendored/contexts/app-router-context.js": "node_modules/next/dist/server/future/route-modules/pages/vendored/contexts/app-router-context.js",
    "node_modules/next/dist/server/future/route-modules/pages/vendored/contexts/head-manager-context.js": "node_modules/next/dist/server/future/route-modules/pages/vendored/contexts/head-manager-context.js",
    "node_modules/next/dist/server/future/route-modules/pages/vendored/contexts/hooks-client-context.js": "node_modules/next/dist/server/future/route-modules/pages/vendored/contexts/hooks-client-context.js",
    "node_modules/next/dist/server/future/route-modules/pages/vendored/contexts/html-context.js": "node_modules/next/dist/server/future/route-modules/pages/vendored/contexts/html-context.js",
    "node_modules/next/dist/server/future/route-modules/pages/vendored/contexts/image-config-context.js": "node_modules/next/dist/server/future/route-modules/pages/vendored/contexts/image-config-context.js",
    "node_modules/next/dist/server/future/route-modules/pages/vendored/contexts/loadable-context.js": "node_modules/next/dist/server/future/route-modules/pages/vendored/contexts/loadable-context.js",
    "node_modules/next/dist/server/future/route-modules/pages/vendored/contexts/loadable.js": "node_modules/next/dist/server/future/route-modules/pages/vendored/contexts/loadable.js",
    "node_modules/next/dist/server/future/route-modules/app-page/vendored/contexts/html-context.js": "node_modules/next/dist/server/future/route-modules/app-page/vendored/contexts/html-context.js",
    "node_modules/next/dist/server/future/route-modules/pages/vendored/contexts/router-context.js": "node_modules/next/dist/server/future/route-modules/pages/vendored/contexts/router-context.js",
    "node_modules/next/dist/server/future/route-modules/pages/vendored/contexts/server-inserted-html.js": "node_modules/next/dist/server/future/route-modules/pages/vendored/contexts/server-inserted-html.js",
    ".env.local": ".env.local",
    ".next/build-manifest.json": ".next/build-manifest.json",
    ".next/prerender-manifest.json": ".next/prerender-manifest.json",
    ".next/server/middleware-manifest.json": ".next/server/middleware-manifest.json",
    ".next/server/middleware-build-manifest.js": ".next/server/middleware-build-manifest.js",
    ".next/server/middleware-react-loadable-manifest.js": ".next/server/middleware-react-loadable-manifest.js",
    ".next/app-path-routes-manifest.json": ".next/app-path-routes-manifest.json",
    ".next/app-build-manifest.json": ".next/app-build-manifest.json",
    ".next/server/server-reference-manifest.js": ".next/server/server-reference-manifest.js",
    ".next/server/server-reference-manifest.json": ".next/server/server-reference-manifest.json",
    ".next/react-loadable-manifest.json": ".next/react-loadable-manifest.json",
    ".next/server/font-manifest.json": ".next/server/font-manifest.json",
    ".next/BUILD_ID": ".next/BUILD_ID",
    ".next/server/next-font-manifest.js": ".next/server/next-font-manifest.js",
    ".next/server/next-font-manifest.json": ".next/server/next-font-manifest.json",
    "node_modules/react/cjs/react-jsx-runtime.development.js": "node_modules/react/cjs/react-jsx-runtime.development.js",
    "node_modules/react/cjs/react.development.js": "node_modules/react/cjs/react.development.js",
    "package.json": "package.json",
    ".next/package.json": ".next/package.json",
    ".next/server/webpack-runtime.js": ".next/server/webpack-runtime.js",
    "node_modules/next/dist/pages/_app.js": "node_modules/next/dist/pages/_app.js",
    "node_modules/react-dom/cjs/react-dom-server-legacy.browser.development.js": "node_modules/react-dom/cjs/react-dom-server-legacy.browser.development.js",
    "node_modules/react-dom/cjs/react-dom-server.browser.development.js": "node_modules/react-dom/cjs/react-dom-server.browser.development.js",
    ".next/server/chunks/1682.js": ".next/server/chunks/1682.js",
    "node_modules/next/dist/pages/_document.js": "node_modules/next/dist/pages/_document.js",
    ".next/server/chunks/2892.js": ".next/server/chunks/2892.js",
    ".next/server/chunks/3353.js": ".next/server/chunks/3353.js",
    ".next/server/chunks/344.js": ".next/server/chunks/344.js",
    ".next/server/chunks/4893.js": ".next/server/chunks/4893.js",
    ".next/server/chunks/8084.js": ".next/server/chunks/8084.js",
    ".next/server/chunks/8948.js": ".next/server/chunks/8948.js",
    ".next/server/app/_not-found/page_client-reference-manifest.js": ".next/server/app/_not-found/page_client-reference-manifest.js",
    ".next/server/chunks/9301.js": ".next/server/chunks/9301.js",
    ".next/server/chunks/9813.js": ".next/server/chunks/9813.js",
    ".next/server/app/admin/users/page_client-reference-manifest.js": ".next/server/app/admin/users/page_client-reference-manifest.js",
    ".next/server/app/admin/dashboard/page_client-reference-manifest.js": ".next/server/app/admin/dashboard/page_client-reference-manifest.js",
    ".next/server/chunks/434.js": ".next/server/chunks/434.js",
    ".next/server/chunks/6226.js": ".next/server/chunks/6226.js",
    ".next/server/chunks/7189.js": ".next/server/chunks/7189.js",
    ".next/server/app/admin/page_client-reference-manifest.js": ".next/server/app/admin/page_client-reference-manifest.js",
    ".next/server/app/hilfe/page_client-reference-manifest.js": ".next/server/app/hilfe/page_client-reference-manifest.js",
    ".next/server/app/forgot-password/page_client-reference-manifest.js": ".next/server/app/forgot-password/page_client-reference-manifest.js",
    ".next/server/app/livedata/page_client-reference-manifest.js": ".next/server/app/livedata/page_client-reference-manifest.js",
    ".next/server/chunks/1092.js": ".next/server/chunks/1092.js",
    ".next/server/chunks/4380.js": ".next/server/chunks/4380.js",
    ".next/server/chunks/9642.js": ".next/server/chunks/9642.js",
    ".next/server/app/chat/page_client-reference-manifest.js": ".next/server/app/chat/page_client-reference-manifest.js",
    ".next/server/chunks/2845.js": ".next/server/chunks/2845.js",
    ".next/server/chunks/7342.js": ".next/server/chunks/7342.js",
    ".next/server/app/dashboard/page_client-reference-manifest.js": ".next/server/app/dashboard/page_client-reference-manifest.js",
    ".next/server/app/login/page_client-reference-manifest.js": ".next/server/app/login/page_client-reference-manifest.js",
    ".next/server/app/team/page_client-reference-manifest.js": ".next/server/app/team/page_client-reference-manifest.js",
    ".next/server/app/register/page_client-reference-manifest.js": ".next/server/app/register/page_client-reference-manifest.js",
    ".next/server/app/signup/page_client-reference-manifest.js": ".next/server/app/signup/page_client-reference-manifest.js",
    ".next/server/app/workspace/[id]/tasks/page_client-reference-manifest.js": ".next/server/app/workspace/[id]/tasks/page_client-reference-manifest.js",
    ".next/server/app/workspace/[id]/page_client-reference-manifest.js": ".next/server/app/workspace/[id]/page_client-reference-manifest.js",
    ".next/server/app/workspaces/page_client-reference-manifest.js": ".next/server/app/workspaces/page_client-reference-manifest.js",
    ".next/server/app/page_client-reference-manifest.js": ".next/server/app/page_client-reference-manifest.js",
    ".next/server/app/knowledge/page_client-reference-manifest.js": ".next/server/app/knowledge/page_client-reference-manifest.js",
    ".next/server/app/_not-found/page.js": ".next/server/app/_not-found/page.js",
    ".next/server/app/admin/users/page.js": ".next/server/app/admin/users/page.js",
    ".next/server/app/admin/dashboard/page.js": ".next/server/app/admin/dashboard/page.js",
    ".next/server/app/admin/page.js": ".next/server/app/admin/page.js",
    ".next/server/app/hilfe/page.js": ".next/server/app/hilfe/page.js",
    ".next/server/app/forgot-password/page.js": ".next/server/app/forgot-password/page.js",
    ".next/server/app/livedata/page.js": ".next/server/app/livedata/page.js",
    ".next/server/app/chat/page.js": ".next/server/app/chat/page.js",
    ".next/server/app/dashboard/page.js": ".next/server/app/dashboard/page.js",
    ".next/server/app/login/page.js": ".next/server/app/login/page.js",
    ".next/server/app/team/page.js": ".next/server/app/team/page.js",
    ".next/server/app/register/page.js": ".next/server/app/register/page.js",
    ".next/server/app/signup/page.js": ".next/server/app/signup/page.js",
    ".next/server/app/workspace/[id]/tasks/page.js": ".next/server/app/workspace/[id]/tasks/page.js",
    ".next/server/app/workspace/[id]/page.js": ".next/server/app/workspace/[id]/page.js",
    ".next/server/app/workspaces/page.js": ".next/server/app/workspaces/page.js",
    ".next/server/app/page.js": ".next/server/app/page.js",
    ".next/server/app/knowledge/page.js": ".next/server/app/knowledge/page.js",
    ".next/server/pages/_app.js": ".next/server/pages/_app.js",
    ".next/server/pages/_error.js": ".next/server/pages/_error.js",
    ".next/server/pages/_document.js": ".next/server/pages/_document.js"
  }
}
