[{"name":"vc.builder.install","duration":27078949,"timestamp":60556294016,"id":"692099ba-4e93-4035-a42c-f191a72717d5","parentId":"3a429326-a557-4bf3-ae5e-ca87dbda905d","tags":{"cliType":"npm","lockfileVersion":"3","installCommand":"npm install"},"startTime":1744804618036},{"name":"vc.builder.build","duration":37323063067,"timestamp":60583377366,"id":"9802914b-293f-4c03-9c63-50fdef8f5422","parentId":"3a429326-a557-4bf3-ae5e-ca87dbda905d","tags":{"buildCommand":"npm run build:vercel","buildScriptName":"build"},"startTime":1744804645119},{"name":"vc.builder","duration":37353641215,"timestamp":60556019580,"id":"3a429326-a557-4bf3-ae5e-ca87dbda905d","parentId":"be29b92b-020a-4c3d-9e66-684008a9193e","tags":{"name":"@vercel/next","install":"true","build":"true"},"startTime":1744804617761},{"name":"vc.builder.diagnostics","duration":4537,"timestamp":97909663117,"id":"51ccc2b6-3cb4-4210-8f51-3910cc9d48d1","parentId":"3a429326-a557-4bf3-ae5e-ca87dbda905d","tags":{},"startTime":1744841975343},{"name":"vc.builder.writeBuildResult","duration":493674,"timestamp":97909667726,"id":"a55c759e-e36e-42f9-b174-79db4ffd559b","parentId":"3a429326-a557-4bf3-ae5e-ca87dbda905d","tags":{"buildOutputLength":"1"},"startTime":1744841975348},{"name":"vc.doBuild","duration":37355424063,"timestamp":60554767838,"id":"be29b92b-020a-4c3d-9e66-684008a9193e","parentId":"42a19ed8-90b1-4f77-b8b0-cad4c3d9673a","tags":{},"startTime":1744804616510},{"name":"vc","duration":37375616979,"timestamp":60534574950,"id":"42a19ed8-90b1-4f77-b8b0-cad4c3d9673a","tags":{},"startTime":1744804596316}]