{
  "runtime": "edge",
  "name": "api/chat/google",
  "deploymentTarget": "v8-worker",
  "entrypoint": "index.js",
  "assets": [],
  "framework": {
    "slug": "nextjs",
    "version": "14.2.28"
  },
  "environment": {
    "__NEXT_BUILD_ID": "LDuD4bwy7eWY6zOp6lFJh",
    "NEXT_SERVER_ACTIONS_ENCRYPTION_KEY": "jiKAclEa2EedL6lK5zQm9P4Xcp+Y/tBCqWea307pAqE=",
    "__NEXT_PREVIEW_MODE_ID": "6859ee70c9d2e667a0d3ad1d8c9aeefe",
    "__NEXT_PREVIEW_MODE_ENCRYPTION_KEY": "3a9ff550f4decdd2a4668a9755e4eff3c2a124b454f32ba7170c78131f5bbd20",
    "__NEXT_PREVIEW_MODE_SIGNING_KEY": "acfd7318d50435f7c35f6c40baf5d4bdd9c8f9ebaa350b7071fafeb2ea6aa94a"
  }
}
